<?xml version="1.0" encoding="UTF-8"?>
<root>
  <item name="fr.castorflex.android.circularprogressbar.CircularProgressDrawable.Builder fr.castorflex.android.circularprogressbar.CircularProgressDrawable.Builder style(int) 0">
    <annotation name="android.support.annotation.IntDef">
      <val name="value" val="{fr.castorflex.android.circularprogressbar.CircularProgressDrawable.STYLE_NORMAL, fr.castorflex.android.circularprogressbar.CircularProgressDrawable.STYLE_ROUNDED}" />
    </annotation>
  </item>
  <item name="fr.castorflex.android.circularprogressbar.CircularProgressDrawable.Builder mStyle">
    <annotation name="android.support.annotation.IntDef">
      <val name="value" val="{fr.castorflex.android.circularprogressbar.CircularProgressDrawable.STYLE_NORMAL, fr.castorflex.android.circularprogressbar.CircularProgressDrawable.STYLE_ROUNDED}" />
    </annotation>
  </item>
  <item name="fr.castorflex.android.circularprogressbar.Options Options(android.view.animation.Interpolator, android.view.animation.Interpolator, float, int[], float, float, int, int, int) 8">
    <annotation name="android.support.annotation.IntDef">
      <val name="value" val="{fr.castorflex.android.circularprogressbar.CircularProgressDrawable.STYLE_NORMAL, fr.castorflex.android.circularprogressbar.CircularProgressDrawable.STYLE_ROUNDED}" />
    </annotation>
  </item>
  <item name="fr.castorflex.android.circularprogressbar.Options style">
    <annotation name="android.support.annotation.IntDef">
      <val name="value" val="{fr.castorflex.android.circularprogressbar.CircularProgressDrawable.STYLE_NORMAL, fr.castorflex.android.circularprogressbar.CircularProgressDrawable.STYLE_ROUNDED}" />
    </annotation>
  </item>
</root>

